{"stats":{"minecraft:picked_up":{"plane:plane_wheel":64,"fnaf_mod:office_chair_item":1,"fnaf_mod:freddy_mask_helmet":1,"create:handheld_worldshaper":1,"fnaf_mod:green_blue_tile_slab_cracked":1,"create:clipboard":1,"minecraft:deepslate":1,"minecraft:bow":1,"minecraft:written_book":2,"create:red_seat":64},"minecraft:custom":{"minecraft:time_since_rest":1638007,"minecraft:sprint_one_cm":5765,"minecraft:damage_taken":250,"minecraft:walk_one_cm":123237,"minecraft:drop":9,"minecraft:damage_dealt":30,"minecraft:fly_one_cm":164531,"minecraft:crouch_one_cm":3124,"minecraft:play_time":1638007,"minecraft:sneak_time":1226,"minecraft:jump":61,"minecraft:leave_game":3,"minecraft:time_since_death":1638007,"minecraft:total_world_time":1642906},"minecraft:dropped":{"minecraft:tipped_arrow":1,"create:handheld_worldshaper":1,"fnaf_mod:green_blue_tile_slab_cracked":1,"minecraft:deepslate":1,"create:red_seat":64,"car:wheel":1,"plane:plane_wheel":64,"fnaf_mod:office_chair_item":1,"minecraft:bow":1},"minecraft:used":{"create:handheld_worldshaper":4,"minecraft:oak_fence":2,"create:clipboard":1,"fnaf_mod:green_blue_tile_slab_cracked":1,"car:car_workshop_outter":9,"create:red_seat":3,"plane:bush_plane_warped":2,"fnaf_mod:thin_candy_curtain":8,"minecraft:deepslate":2,"fnaf_mod:office_chair_item":1,"car:car_workshop":1,"minecraft:bow":5,"minecraft:written_book":3,"plane:bush_plane_crimson":1,"car:canister":10,"car:gas_station":2}},"DataVersion":3120}