{"stats":{"minecraft:killed_by":{"fnaf_mod:nightmare_chica":9,"fnaf_mod:foxy_pirate":1,"minecraft:player":9,"fnaf_mod:freddy_fazbear":1,"robobob_pet:robobob":1,"fnaf_mod:nightmare_freddy":9,"fnaf_mod:jack_o_chica":5,"fnaf_mod:bonnie_bunny":2,"fnaf_mod:nightmare_bonnie":1,"fnaf_mod:puppet":1,"fnaf_mod:nightmare_foxy":3,"fnaf_mod:withered_chica":5,"fnaf_mod:plushtrap":1,"fnaf_mod:chica_chicken":1,"fnaf_mod:springtrap":1,"fnaf_mod:withered_foxy":5},"minecraft:dropped":{"simpleplanes:armor":1,"simpleplanes:parachute":1,"create:super_glue":2,"minecraft:oak_slab":1,"minecraft:dark_oak_stairs":1,"fnaf_mod:cupcake":1,"fnaf_mod:unwithered_foxy_spawn_egg":1,"minecraft:polished_blackstone":2,"car:light_blue_suv_body":1,"minecraft:lime_concrete_powder":1,"fnaf_mod:fredbear_floor_clean":2,"fnaf_mod:fredbear_floor":2,"fnaf_mod:alternate_big_white_purple_tile":2,"handcrafted:birch_fancy_bed":1,"simpleplanes:plane":1,"create:copper_bars":1,"minecraft:grass_block":3,"fnaf_mod:white_wall":2,"minecraft:orange_glazed_terracotta":1,"fnaf_mod:thin_purple_curtain":1,"fnaf_mod:table_cloth":1,"car:bio_diesel_bucket":1,"create:handheld_worldshaper":1,"fnaf_mod:flash_light":3,"fnaf_mod:green_blue_tile_slab_cracked":1,"minecraft:dark_oak_trapdoor":2,"simpleplanes:helicopter":2,"car:wheel":3,"create:contraption_controls":2,"minecraft:smooth_quartz_slab":1,"fnaf_mod:office_chair_item":2,"car:car_workshop":1,"minecraft:verdant_froglight":1,"minecraft:polished_blackstone_slab":1,"simpleplanes:folding":1,"simpleplanes:seats":1,"create:elevator_pulley":1,"simpleplanes:shooter":2,"fnaf_mod:bonnie_plushie":1,"car:large_tank":1,"create:andesite_door":1,"minecraft:polished_diorite":1,"simpleplanes:propeller":1,"minecraft:blue_terracotta":1,"minecraft:blackstone":1,"minecraft:soul_torch":1,"create:shaft":1,"minecraft:smooth_stone_slab":1,"minecraft:deepslate":2,"minecraft:lime_wool":1,"simpleplanes:booster":1,"fnaf_mod:black_wall":1,"car:asphalt_slope":1,"minecraft:oak_planks":3,"minecraft:warped_sign":1,"minecraft:glass_pane":1,"car:engine_truck":1,"fnaf_mod:broken_flash_light":7,"minecraft:tipped_arrow":1,"create:copper_scaffolding":1,"create:creative_motor":1,"robobob_pet:battery_charger":1,"car:asphalt_slope_flat_upper":1,"minecraft:ochre_froglight":1,"create:red_seat":64,"car:asphalt_slope_flat_lower":1,"minecraft:blackstone_slab":1,"car:gas_station":1,"minecraft:bow":2,"minecraft:written_book":4,"simpleplanes:floaty_bedding":1,"fnaf_mod:flash_light_on":2},"minecraft:custom":{"minecraft:mob_kills":4,"minecraft:inspect_hopper":1,"minecraft:open_barrel":1,"minecraft:leave_game":13,"minecraft:time_since_death":8293,"minecraft:climb_one_cm":1467,"minecraft:sprint_one_cm":479912,"minecraft:walk_one_cm":1451754,"minecraft:drop":104,"minecraft:play_time":7648581,"minecraft:deaths":66,"minecraft:sneak_time":10306,"minecraft:jump":661,"minecraft:walk_on_water_one_cm":182,"minecraft:total_world_time":8320948,"minecraft:sleep_in_bed":4,"minecraft:time_since_rest":8328,"minecraft:damage_taken":18044,"minecraft:trigger_trapped_chest":1,"minecraft:damage_dealt":1310,"minecraft:fly_one_cm":1167086,"minecraft:open_chest":21,"minecraft:crouch_one_cm":20803,"minecraft:fall_one_cm":9806},"minecraft:mined":{"minecraft:grass_block":10,"minecraft:vine":1,"minecraft:oak_fence":3,"minecraft:dirt":2},"minecraft:killed":{"fnaf_mod:unwithered_chica":1,"fnaf_mod:sitting_fredbear":1,"fnaf_mod:nightmare_mangle":1,"robobob_pet:robobob":1},"minecraft:used":{"car:asphalt_slope_flat_upper":26,"minecraft:oak_fence":2,"create:clipboard":2,"create:copper_door":6,"fnaf_mod:fredbear_floor_clean":33,"minecraft:blue_terracotta":3,"minecraft:writable_book":5,"fnaf_mod:sitting_plushtrap_spawn_egg":1,"handcrafted:fancy_painting":3,"create:small_rose_quartz_tiles":1,"simpleplanes:charging_station":1,"fnaf_mod:fredbear_floor":3,"minecraft:polished_blackstone":4,"fnaf_mod:thin_corn_curtain":9,"minecraft:redstone":12,"fnaf_mod:alternate_big_white_purple_tile":158,"minecraft:light_blue_terracotta":31,"minecraft:chest":4,"car:car_workshop_outter":33,"fnaf_mod:nightmare_freddy_spawn_egg":1,"minecraft:warped_sign":2,"fnaf_mod:red_wood_door":2,"create:analog_lever":3,"car:asphalt":20,"minecraft:dirt":1,"create:andesite_door":1,"create:redstone_contact":17,"fnaf_mod:white_wall":161,"fnaf_mod:stage_light_pink_off":2,"minecraft:polished_diorite":9,"fnaf_mod:bonnie_plushie":3,"handcrafted:warped_couch":7,"minecraft:bricks":3,"fnaf_mod:nightmare_chica_spawn_egg":1,"car:asphalt_slope_flat_lower":23,"minecraft:grass_block":19,"create:brass_bars":8,"minecraft:dark_oak_slab":18,"create:copper_bars":16,"minecraft:smooth_quartz":32,"fnaf_mod:office_chair_item":1,"create:creative_motor":2,"simpleplanes:plane":2,"minecraft:snow":238,"minecraft:bow":18,"create:shaft":15,"minecraft:written_book":9,"create:ornate_iron_window_pane":7,"create:industrial_iron_block":3,"car:gas_station":2,"minecraft:pearlescent_froglight":45,"create:gantry_shaft":12,"fnaf_mod:plushtrap_toy_spawn_egg":2,"create:rose_quartz_tiles":2,"minecraft:lime_glazed_terracotta":1,"simpleplanes:parachute":9,"create:handheld_worldshaper":25,"fnaf_mod:sconce":28,"create:brass_block":1,"minecraft:brick_wall":15,"fnaf_mod:green_blue_tile_slab_cracked":1,"minecraft:lime_wool":1,"minecraft:oak_planks":120,"fnaf_mod:big_white_purple_tile":77,"minecraft:blackstone":2,"minecraft:lime_concrete_powder":1,"create:red_seat":3,"fnaf_mod:thin_candy_curtain":8,"handcrafted:birch_fancy_bed":1,"fnaf_mod:red_blue_tile_slab":30,"simpleplanes:helicopter":4,"minecraft:dark_oak_trapdoor":1,"minecraft:oak_slab":46,"fnaf_mod:blue_black_tile_stair":12,"minecraft:yellow_concrete":23,"car:canister":10,"minecraft:ochre_froglight":3,"minecraft:netherite_block":1,"minecraft:lever":1,"fnaf_mod:black_wall":11,"create:display_link":6,"fnaf_mod:nightmare_foxy_spawn_egg":1,"minecraft:verdant_froglight":1,"car:asphalt_slope":14,"fnaf_mod:nightmare_bonnie_spawn_egg":67,"create:contraption_controls":3,"minecraft:deepslate":2,"car:car_workshop":4,"minecraft:diamond_sword":21,"fnaf_mod:thin_purple_curtain":45,"fnaf_mod:purple_curtain":8,"minecraft:glass_pane":14,"minecraft:smooth_stone_slab":149,"create:elevator_pulley":5,"fnaf_mod:jack_o_bonnie_spawn_egg":1,"create:copper_scaffolding":2,"minecraft:soul_torch":2,"fnaf_mod:flash_light_on":22},"minecraft:picked_up":{"simpleplanes:propeller":1,"create:handheld_worldshaper":1,"fnaf_mod:flash_light_on":2,"fnaf_mod:broken_flash_light":7,"fnaf_mod:black_wall":1,"fnaf_mod:red_wood_door":1,"minecraft:dark_oak_trapdoor":4,"fnaf_mod:freddy_fabric":1,"minecraft:blackstone":1,"minecraft:written_book":6,"create:contraption_controls":1,"car:large_tank":1,"minecraft:lime_wool":1,"minecraft:beehive":1,"simpleplanes:booster":1,"fnaf_mod:freddy_mask_helmet":1,"minecraft:oak_fence":3,"simpleplanes:shooter":1,"car:bio_diesel_bucket":1,"car:gas_station":1,"fnaf_mod:purple_curtain":1,"car:car_workshop":1,"handcrafted:birch_fancy_bed":1,"create:clipboard":2,"car:light_blue_suv_body":1,"fnaf_mod:fredbear_floor_clean":2,"minecraft:polished_blackstone":1,"create:andesite_door":1,"create:red_seat":64,"minecraft:lime_concrete_powder":1,"fnaf_mod:alternate_big_white_purple_tile":2,"fnaf_mod:flash_light":4,"simpleplanes:folding":1,"robobob_pet:battery_charger":1,"simpleplanes:helicopter":2,"handcrafted:green_sheet":1,"minecraft:iron_door":1,"simpleplanes:parachute":9,"minecraft:ochre_froglight":2,"fnaf_mod:thin_purple_curtain":1,"minecraft:dirt":55,"fnaf_mod:white_wall":2,"fnaf_mod:circuit_board":6,"fnaf_mod:green_blue_tile_slab_cracked":1,"minecraft:bow":1,"fnaf_mod:mat":1,"minecraft:iron_ingot":2,"create:super_glue":2,"minecraft:verdant_froglight":1,"minecraft:oak_planks":2,"create:elevator_pulley":1,"minecraft:oak_slab":2,"fnaf_mod:office_chair_item":2,"simpleplanes:plane":1,"minecraft:grass_block":2,"minecraft:blue_terracotta":1,"minecraft:deepslate":1,"fnaf_mod:foxy_fabric":2,"simpleplanes:large_plane":1,"fnaf_mod:fredbear_floor":2,"car:engine_truck":1,"minecraft:bricks":1}},"DataVersion":3120}