{"stats":{"minecraft:killed_by":{"fnaf_mod:springtrap":1,"fnaf_mod:golden_freddy":1},"minecraft:dropped":{"simpleplanes:parachute":10,"car:big_wheel":63,"car:engine_piston":1,"simpleplanes:supply_crate":1,"minecraft:cookie":2,"fnaf_mod:hanging_camera_spawn_egg":1,"create:clipboard":2,"fnaf_mod:guard_hat_helmet":2,"fnaf_mod:flash_light":3,"handcrafted:green_sheet":1,"fnaf_mod:mat":1,"fnaf_mod:freddy_mask_helmet":2,"fnaf_mod:mangle_sitting_spawn_egg":1,"fnaf_mod:never_be_alone":2,"minecraft:bricks":1,"car:asphalt_slope":1,"fnaf_mod:freddy_plushie":1,"fnaf_mod:fredbear_animatronic_spawn_egg":1,"minecraft:lingering_potion":1,"minecraft:written_book":3,"fnaf_mod:unwithered_chica_spawn_egg":1,"fnaf_mod:flash_light_on":1},"minecraft:custom":{"minecraft:mob_kills":98,"minecraft:open_barrel":7,"minecraft:leave_game":14,"minecraft:time_since_death":13853,"minecraft:climb_one_cm":2426,"minecraft:sprint_one_cm":508355,"minecraft:walk_one_cm":1558920,"minecraft:drop":43,"minecraft:talked_to_villager":4,"minecraft:play_time":5012354,"minecraft:deaths":3,"minecraft:sneak_time":33045,"minecraft:walk_under_water_one_cm":257,"minecraft:jump":986,"minecraft:walk_on_water_one_cm":1131,"minecraft:total_world_time":5012354,"minecraft:sleep_in_bed":7,"minecraft:time_since_rest":13992,"minecraft:damage_taken":9353,"minecraft:trigger_trapped_chest":17,"minecraft:damage_dealt":21248,"minecraft:fly_one_cm":1631834,"minecraft:player_kills":9,"minecraft:open_chest":40,"minecraft:crouch_one_cm":69844,"minecraft:fall_one_cm":2078},"minecraft:mined":{"minecraft:grass_block":1,"minecraft:oak_wall_sign":2,"fnaf_mod:endo_block":1,"minecraft:dark_oak_trapdoor":3,"fnaf_mod:chica_head":1,"fnaf_mod:freddy_head":1,"fnaf_mod:bonnie_head":1,"minecraft:dark_oak_door":2,"minecraft:beehive":5},"minecraft:killed":{"fnaf_mod:plushtrap_toy":1,"fnaf_mod:passive_freddy":2,"fnaf_mod:statue_foxy":10,"fnaf_mod:spring_bonnie_cut_out":1,"fnaf_mod:sitting_withered_bonnie":1,"fnaf_mod:passive_fredbear":2,"fnaf_mod:nightmare_freddy_statue":3,"fnaf_mod:hanging_camera":5,"fnaf_mod:sitting_fredbear":6,"fnaf_mod:day_time_bonnie":1,"fnaf_mod:nightmare_bonnie_statue":1,"fnaf_mod:statue_freddy":11,"fnaf_mod:day_time_freddy":1,"fnaf_mod:nightmare_foxy_statue":4,"fnaf_mod:fredbear_animatronic":5,"fnaf_mod:statue_chica":5,"fnaf_mod:passive_chica":1,"fnaf_mod:spring_bonnie_animatronic":7,"fnaf_mod:withered_golden_freddy":3,"fnaf_mod:golden_freddy":3,"fnaf_mod:shadow_freddy":1,"fnaf_mod:chica_chicken":2,"fnaf_mod:camera":1,"fnaf_mod:sitting_spring_bonnie":2,"fnaf_mod:nightmare_fredbear_statue":3,"fnaf_mod:sitting_plushtrap":1,"fnaf_mod:statue_bonnie":8,"fnaf_mod:nightmare_chica_statue":2,"fnaf_mod:sitting_withered_chica":2},"minecraft:used":{"create:brass_door":3,"create:clipboard":6,"minecraft:writable_book":4,"fnaf_mod:vending_bottom":7,"create:copper_door":11,"create:framed_glass":6,"handcrafted:birch_chair":1,"fnaf_mod:fredbear_floor_clean":23,"minecraft:blue_terracotta":1,"fnaf_mod:sitting_plushtrap_spawn_egg":34,"minecraft:red_sand":8,"fnaf_mod:monitors":3,"fnaf_mod:hanging_camera_spawn_egg":5,"car:generator":2,"fnaf_mod:withered_bonnie_spawn_egg":3,"minecraft:armor_stand":2,"fnaf_mod:unwithered_bonnie_spawn_egg":11,"minecraft:light_blue_terracotta":2,"minecraft:tinted_glass":1,"car:guard_rail":13,"minecraft:chest":8,"fnaf_mod:evil_chica_item":1,"car:car_workshop_outter":39,"fnaf_mod:statue_bonnie_spawn":14,"fnaf_mod:nightmare_freddy_spawn_egg":4,"fnaf_mod:alternate_big_white_purple_tile":15,"handcrafted:yellow_bowl":14,"create:cut_calcite":59,"fnaf_mod:bb_spawn_egg":1,"fnaf_mod:puppet_spawn_egg":1,"fnaf_mod:shadow_freddy_spawn_egg":1,"handcrafted:stackable_book":28,"create:analog_lever":5,"minecraft:oak_door":1,"fnaf_mod:mesh_trash_can":1,"car:asphalt":16,"fnaf_mod:fredbear_cut_out_spawn_egg":2,"handcrafted:oak_chair":2,"fnaf_mod:golden_freddy_spawn_egg":6,"fnaf_mod:fredbears_chica_spawn_egg":3,"handcrafted:oak_table":4,"create:andesite_door":19,"fnaf_mod:fredbears_freddy_spawn_egg":4,"create:redstone_contact":2,"handcrafted:birch_couch":3,"fnaf_mod:white_wall":25,"create:netherite_backtank":2,"fnaf_mod:desk_2":2,"fnaf_mod:stage_light_pink_off":4,"fnaf_mod:fredbears_bonnie_spawn_egg":3,"minecraft:grass_block":9,"handcrafted:oak_nightstand":7,"fnaf_mod:nightmare_fredbear_spawn_egg":5,"fnaf_mod:fredbear_item":13,"fnaf_mod:nightmare_mangle_spawn_egg":3,"minecraft:polished_diorite":1,"fnaf_mod:nightmare_chica_statue_spawn_egg":5,"minecraft:purple_banner":1,"minecraft:glass":35,"fnaf_mod:fredbears_foxy_spawn_egg":3,"fnaf_mod:statue_chica_item":6,"create:controls":5,"minecraft:bricks":7,"fnaf_mod:springtrap_spawn_egg":2,"minecraft:lava_bucket":10,"minecraft:bookshelf":41,"fnaf_mod:nightmare_chica_spawn_egg":3,"fnaf_mod:nightmare_spawn_egg":4,"fnaf_mod:un_withered_chica_head":1,"minecraft:spruce_wood":48,"minecraft:lantern":21,"minecraft:light_weighted_pressure_plate":1,"fnaf_mod:mangle_sitting_spawn_egg":1,"fnaf_mod:nightmare_foxy_statue_spawn_egg":6,"fnaf_mod:stage_light_off":6,"create:creative_motor":4,"fnaf_mod:nightmare_freddy_statue_spawn_egg":5,"car:canola_oil_bucket":1,"fnaf_mod:toy_chica_spawn_egg":1,"fnaf_mod:jack_o_chica_spawn_egg":3,"create:experience_block":404,"minecraft:tadpole_bucket":3,"fnaf_mod:spring_bonnie":12,"fnaf_mod:evil_foxy_item":1,"minecraft:redstone_lamp":12,"simpleplanes:plane":22,"fnaf_mod:endo_block":2,"minecraft:bow":29,"minecraft:written_book":11,"fnaf_mod:nightmarione_statue_spawn_egg":2,"fnaf_mod:chica_spawn_item":9,"fnaf_mod:withered_chica_spawn_egg":3,"fnaf_mod:withered_golden_freddy_spawn_egg":5,"fnaf_mod:evil_freddy_item_spawn":8,"minecraft:trapped_chest":7,"fnaf_mod:fredbear_head":6,"fnaf_mod:camera_spawn_egg":1,"minecraft:enchanted_golden_apple":2,"create:fluid_pipe":1,"fnaf_mod:endo_skeleton_spawn_egg":1,"fnaf_mod:sitting_fredbear_spawn_egg":13,"fnaf_mod:plushtrap_toy_spawn_egg":14,"car:glycerin_bucket":2,"fnaf_mod:unwithered_chica_spawn_egg":14,"car:gas_station":6,"minecraft:powder_snow_bucket":2,"fnaf_mod:phantom_bb_spawn_egg":1,"car:methanol_bucket":6,"create:jungle_window_pane":3,"car:tank":63,"minecraft:lime_glazed_terracotta":1,"fnaf_mod:statue_foxy_item":21,"simpleplanes:parachute":20,"fnaf_mod:statue_freddy_item":14,"handcrafted:warped_fancy_bed":1,"fnaf_mod:bonnie_spawn":17,"fnaf_mod:sconce":8,"fnaf_mod:camera_monitor":11,"fnaf_mod:evil_bonnie":3,"fnaf_mod:phantom_chica_spawn_egg":1,"fnaf_mod:spring_bonnie_head":3,"fnaf_mod:spring_bonnie_animatronic_spawn_egg":16,"fnaf_mod:crying_child_spawn_egg":16,"fnaf_mod:day_time_toy_freddy_spawn_egg":1,"fnaf_mod:sitting_spring_bonnie_spawn_egg":6,"create:train_door":10,"fnaf_mod:ovdr_plushie":4,"fnaf_mod:foxy_plushie":1,"fnaf_mod:phantom_freddy_spawn_egg":1,"fnaf_mod:unwithered_freddy_spawn_egg":8,"minecraft:oak_planks":4,"fnaf_mod:fredbear_animatronic_spawn_egg":22,"minecraft:redstone_block":11,"handcrafted:birch_fancy_bed":4,"fnaf_mod:stage_light_red_off":1,"handcrafted:oak_bench":1,"create:framed_glass_trapdoor":1,"fnaf_mod:phantom_puppet_spawn_egg":1,"simpleplanes:helicopter":29,"fnaf_mod:light_button":13,"create:blaze_burner":18,"minecraft:cookie":1,"robobob_pet:robobob_spawn_egg":10,"minecraft:glow_berries":4,"fnaf_mod:unwithered_foxy_spawn_egg":6,"fnaf_mod:freddy_spawn_item":15,"fnaf_mod:structure_spawning_block_4":1,"fnaf_mod:structure_spawning_block_6":1,"minecraft:lime_bed":1,"minecraft:oak_slab":24,"fnaf_mod:spring_bonnie_plushie":1,"fnaf_mod:sitting_withered_chica_spawn_egg":1,"fnaf_mod:foxy_spawn":9,"fnaf_mod:shelf":2,"car:sign":2,"fnaf_mod:phantom_foxy_spawn_egg":1,"minecraft:lingering_potion":14,"minecraft:spruce_log":62,"create:filter":1,"fnaf_mod:phantom_mangle_spawn_egg":1,"fnaf_mod:shadow_bonnie_spawn_egg":1,"fnaf_mod:foxy":7,"fnaf_mod:black_wall":8,"minecraft:lever":1,"minecraft:ender_eye":13,"fnaf_mod:day_time_toy_foxy_spawn_egg":1,"create:zinc_block":28,"car:split_tank":2,"fnaf_mod:nightmarionne_spawn_egg":4,"create:copper_backtank":13,"minecraft:mangrove_door":1,"minecraft:lime_carpet":71,"fnaf_mod:nightmare_foxy_spawn_egg":4,"fnaf_mod:stage_light_orange_off":2,"car:asphalt_slope":7,"fnaf_mod:nightmare_bonnie_spawn_egg":3,"fnaf_mod:endo_02_spawn_egg":1,"fnaf_mod:endo":2,"create:contraption_controls":2,"fnaf_mod:freddy":19,"minecraft:oak_pressure_plate":1,"fnaf_mod:chica":2,"create:mechanical_arm":4,"fnaf_mod:structure_spawning_block_12":1,"fnaf_mod:yellowbear":10,"fnaf_mod:nightmare_bonnie_statue_spawn_egg":17,"fnaf_mod:nightmare_fredbear_statue_spawn_egg":13,"fnaf_mod:bonnie":9,"car:car_workshop":7,"fnaf_mod:spring_bonnie_cut_out_spawn_egg":1,"simpleplanes:large_plane":3,"minecraft:diamond_sword":406,"minecraft:potion":7,"fnaf_mod:sitting_nightmare_bb_spawn_egg":3,"fnaf_mod:structure_spawning_block_5":1,"fnaf_mod:shack_randomizer":1,"fnaf_mod:day_time_toy_bonnie_spawn_egg":1,"car:bio_diesel_bucket":3,"fnaf_mod:vent_hatch":5,"minecraft:jungle_door":2,"minecraft:cooked_rabbit":2,"fnaf_mod:withered_foxy_spawn_egg":1,"minecraft:chain":14,"minecraft:glass_pane":1,"create:framed_glass_door":1,"minecraft:end_portal_frame":1,"create:dark_oak_window":59,"minecraft:splash_potion":202,"fnaf_mod:jack_o_bonnie_spawn_egg":2,"fnaf_mod:flash_light_on":9},"minecraft:picked_up":{"minecraft:lingering_potion":1,"car:wheel":1,"fnaf_mod:golden_freddy_plushie":6,"car:asphalt_slope":1,"fnaf_mod:microphone":2,"fnaf_mod:red_plastic":4,"fnaf_mod:mangle_sitting_spawn_egg":1,"fnaf_mod:black_wall":4,"minecraft:dark_oak_trapdoor":1,"fnaf_mod:freddy_fabric":4,"minecraft:oak_sign":5,"minecraft:smooth_stone":3,"car:big_wheel":63,"fnaf_mod:bonnie_fabric":6,"minecraft:written_book":1,"fnaf_mod:bonnie_head":1,"minecraft:dark_oak_door":2,"simpleplanes:supply_crate":1,"fnaf_mod:cupcake":2,"fnaf_mod:white_plastic":5,"minecraft:beehive":4,"fnaf_mod:unwithered_chica_spawn_egg":1,"fnaf_mod:freddy_mask_helmet":1,"simpleplanes:shooter":1,"minecraft:cookie":1,"minecraft:diorite":1,"fnaf_mod:guard_hat_helmet":1,"simpleplanes:seats":1,"fnaf_mod:remnant":5,"fnaf_mod:fredbear_item":1,"fnaf_mod:shadow_remnant":7,"fnaf_mod:endo_block":1,"fnaf_mod:chica_head":1,"fnaf_mod:flash_light":1,"robobob_pet:battery_charger":1,"simpleplanes:helicopter":3,"minecraft:dark_oak_button":1,"simpleplanes:parachute":17,"fnaf_mod:never_be_alone":1,"minecraft:dirt":369,"minecraft:lantern":1,"fnaf_mod:circuit_board":28,"minecraft:smooth_sandstone":6,"fnaf_mod:hanging_camera_spawn_egg":1,"fnaf_mod:chica_fabric":9,"minecraft:iron_ingot":10,"fnaf_mod:freddy":1,"simpleplanes:floaty_bedding":1,"fnaf_mod:light_button":2,"fnaf_mod:bonnie":1,"simpleplanes:plane":8,"simpleplanes:armor":1,"fnaf_mod:fredbear_animatronic_spawn_egg":1,"fnaf_mod:freddy_head":1,"minecraft:light_blue_terracotta":2,"minecraft:deepslate":1,"minecraft:polished_blackstone_button":1,"fnaf_mod:foxy_fabric":4}},"DataVersion":3120}