{"stats":{"minecraft:picked_up":{"minecraft:lingering_potion":1,"minecraft:dark_oak_button":1,"car:wheel":1,"car:asphalt_slope":1,"fnaf_mod:golden_freddy_plushie":6,"fnaf_mod:red_plastic":4,"fnaf_mod:microphone":2,"fnaf_mod:never_be_alone":1,"minecraft:lantern":1,"fnaf_mod:circuit_board":16,"minecraft:oak_sign":3,"fnaf_mod:chica_fabric":5,"plane:plane_warped":2,"fnaf_mod:bonnie_fabric":6,"minecraft:iron_ingot":10,"fnaf_mod:cupcake":1,"fnaf_mod:white_plastic":5,"fnaf_mod:unwithered_chica_spawn_egg":1,"fnaf_mod:freddy_mask_helmet":1,"fnaf_mod:fredbear_animatronic_spawn_egg":1,"fnaf_mod:fredbear_item":1,"fnaf_mod:remnant":5,"fnaf_mod:foxy_fabric":4,"fnaf_mod:shadow_remnant":7},"minecraft:custom":{"minecraft:mob_kills":35,"minecraft:open_barrel":7,"minecraft:leave_game":4,"minecraft:time_since_death":181135,"minecraft:sleep_in_bed":1,"minecraft:climb_one_cm":1271,"minecraft:damage_taken":240,"minecraft:time_since_rest":181173,"minecraft:sprint_one_cm":70838,"minecraft:walk_one_cm":487026,"minecraft:drop":16,"minecraft:damage_dealt":15329,"minecraft:fly_one_cm":587798,"minecraft:open_chest":1,"minecraft:crouch_one_cm":23813,"minecraft:play_time":1618172,"minecraft:deaths":1,"minecraft:sneak_time":11483,"minecraft:walk_under_water_one_cm":257,"minecraft:jump":304,"minecraft:walk_on_water_one_cm":746,"minecraft:total_world_time":1618172},"minecraft:killed":{"fnaf_mod:spring_bonnie_animatronic":7,"fnaf_mod:statue_foxy":1,"fnaf_mod:withered_golden_freddy":3,"fnaf_mod:golden_freddy":3,"fnaf_mod:shadow_freddy":1,"fnaf_mod:sitting_withered_bonnie":1,"fnaf_mod:passive_fredbear":1,"fnaf_mod:camera":1,"fnaf_mod:sitting_fredbear":5,"fnaf_mod:sitting_spring_bonnie":2,"fnaf_mod:day_time_bonnie":1,"fnaf_mod:sitting_plushtrap":1,"fnaf_mod:statue_bonnie":1,"fnaf_mod:fredbear_animatronic":5,"fnaf_mod:sitting_withered_chica":2},"minecraft:dropped":{"plane:plane_warped":3,"car:asphalt_slope":1,"fnaf_mod:guard_hat_helmet":1,"create:clipboard":1,"fnaf_mod:fredbear_animatronic_spawn_egg":1,"minecraft:lingering_potion":1,"fnaf_mod:freddy_mask_helmet":2,"minecraft:written_book":2,"fnaf_mod:unwithered_chica_spawn_egg":1,"fnaf_mod:flash_light_on":1,"fnaf_mod:never_be_alone":2},"minecraft:used":{"fnaf_mod:sitting_plushtrap_spawn_egg":33,"fnaf_mod:vending_bottom":7,"fnaf_mod:statue_freddy_item":14,"create:clipboard":4,"fnaf_mod:bonnie_spawn":12,"create:copper_door":9,"fnaf_mod:statue_foxy_item":21,"fnaf_mod:spring_bonnie_head":1,"minecraft:blue_terracotta":1,"fnaf_mod:camera_monitor":5,"fnaf_mod:evil_bonnie":3,"minecraft:writable_book":2,"create:brass_door":2,"fnaf_mod:monitors":3,"fnaf_mod:spring_bonnie_animatronic_spawn_egg":11,"fnaf_mod:crying_child_spawn_egg":16,"fnaf_mod:evil_chica_item":1,"fnaf_mod:sitting_spring_bonnie_spawn_egg":5,"car:car_workshop_outter":16,"fnaf_mod:ovdr_plushie":4,"fnaf_mod:withered_bonnie_spawn_egg":2,"create:train_door":10,"fnaf_mod:unwithered_freddy_spawn_egg":8,"fnaf_mod:unwithered_bonnie_spawn_egg":10,"minecraft:light_blue_terracotta":2,"fnaf_mod:fredbear_animatronic_spawn_egg":18,"fnaf_mod:statue_bonnie_spawn":14,"fnaf_mod:nightmare_freddy_spawn_egg":2,"fnaf_mod:alternate_big_white_purple_tile":1,"fnaf_mod:shadow_freddy_spawn_egg":1,"fnaf_mod:golden_freddy_spawn_egg":6,"fnaf_mod:fredbears_chica_spawn_egg":3,"fnaf_mod:unwithered_foxy_spawn_egg":5,"fnaf_mod:freddy_spawn_item":14,"create:andesite_door":14,"fnaf_mod:structure_spawning_block_6":1,"fnaf_mod:fredbears_freddy_spawn_egg":3,"fnaf_mod:sitting_withered_chica_spawn_egg":1,"fnaf_mod:structure_spawning_block_4":1,"fnaf_mod:spring_bonnie_plushie":1,"minecraft:lime_bed":1,"plane:plane_crimson":1,"fnaf_mod:foxy_spawn":9,"fnaf_mod:shelf":2,"fnaf_mod:white_wall":6,"fnaf_mod:desk_2":2,"minecraft:lingering_potion":14,"minecraft:spruce_log":62,"fnaf_mod:fredbear_item":13,"fnaf_mod:nightmare_mangle_spawn_egg":1,"fnaf_mod:shadow_bonnie_spawn_egg":1,"minecraft:purple_banner":1,"fnaf_mod:nightmare_chica_statue_spawn_egg":5,"minecraft:glass":5,"fnaf_mod:fredbears_foxy_spawn_egg":3,"fnaf_mod:nightmare_fredbear_spawn_egg":3,"minecraft:ender_eye":13,"fnaf_mod:black_wall":7,"fnaf_mod:foxy":7,"create:zinc_block":28,"minecraft:lantern":5,"fnaf_mod:fredbears_bonnie_spawn_egg":3,"fnaf_mod:nightmarionne_spawn_egg":2,"fnaf_mod:statue_chica_item":6,"fnaf_mod:nightmare_chica_spawn_egg":2,"fnaf_mod:nightmare_spawn_egg":2,"fnaf_mod:nightmare_foxy_spawn_egg":2,"fnaf_mod:un_withered_chica_head":1,"minecraft:lime_carpet":71,"minecraft:spruce_wood":48,"minecraft:grass_block":9,"minecraft:light_weighted_pressure_plate":1,"car:asphalt_slope":7,"fnaf_mod:nightmare_bonnie_spawn_egg":2,"fnaf_mod:endo_02_spawn_egg":1,"fnaf_mod:endo":2,"fnaf_mod:nightmare_foxy_statue_spawn_egg":6,"plane:bush_plane_warped":1,"fnaf_mod:freddy":19,"minecraft:oak_pressure_plate":1,"fnaf_mod:chica":2,"fnaf_mod:structure_spawning_block_12":1,"car:car_workshop":3,"fnaf_mod:nightmare_bonnie_statue_spawn_egg":17,"fnaf_mod:yellowbear":10,"fnaf_mod:bonnie":9,"fnaf_mod:nightmare_freddy_statue_spawn_egg":5,"fnaf_mod:nightmare_fredbear_statue_spawn_egg":7,"fnaf_mod:jack_o_chica_spawn_egg":1,"create:experience_block":371,"fnaf_mod:spring_bonnie":12,"minecraft:diamond_sword":311,"fnaf_mod:evil_foxy_item":1,"fnaf_mod:endo_block":2,"fnaf_mod:structure_spawning_block_5":1,"fnaf_mod:sitting_nightmare_bb_spawn_egg":2,"fnaf_mod:shack_randomizer":1,"minecraft:written_book":3,"fnaf_mod:nightmarione_statue_spawn_egg":2,"fnaf_mod:chica_spawn_item":8,"fnaf_mod:withered_chica_spawn_egg":2,"minecraft:end_portal_frame":1,"fnaf_mod:vent_hatch":5,"fnaf_mod:withered_golden_freddy_spawn_egg":5,"fnaf_mod:camera_spawn_egg":1,"minecraft:glass_pane":1,"create:framed_glass_door":1,"fnaf_mod:fredbear_head":3,"fnaf_mod:evil_freddy_item_spawn":8,"fnaf_mod:sitting_fredbear_spawn_egg":12,"fnaf_mod:endo_skeleton_spawn_egg":1,"fnaf_mod:unwithered_chica_spawn_egg":13,"car:gas_station":3,"plane:plane_warped":12,"fnaf_mod:plushtrap_toy_spawn_egg":12,"fnaf_mod:jack_o_bonnie_spawn_egg":1}},"DataVersion":3120}