{
  "handcrafted:recipes/misc/light_gray_sheet_single": {
    "criteria": {
      "has_sheet": "2023-06-11 15:27:50 -0500"
    },
    "done": true
  },
  "minecraft:recipes/building_blocks/polished_blackstone_brick_stairs_from_polished_blackstone_stonecutting": {
    "criteria": {
      "has_polished_blackstone": "2023-06-09 00:45:41 -0500"
    },
    "done": true
  },
  "minecraft:recipes/building_blocks/brick_stairs_from_bricks_stonecutting": {
    "criteria": {
      "has_bricks": "2023-06-11 15:47:29 -0500"
    },
    "done": true
  },
  "minecraft:recipes/decorations/lime_carpet": {
    "criteria": {
      "has_lime_wool": "2023-06-11 15:45:02 -0500"
    },
    "done": true
  },
  "minecraft:recipes/decorations/brick_wall": {
    "criteria": {
      "has_bricks": "2023-06-11 15:47:29 -0500"
    },
    "done": true
  },
  "minecraft:recipes/combat/iron_sword": {
    "criteria": {
      "has_iron_ingot": "2023-06-12 16:55:44 -0500"
    },
    "done": true
  },
  "minecraft:recipes/redstone/spruce_door": {
    "criteria": {
      "has_planks": "2023-06-10 11:32:28 -0500"
    },
    "done": true
  },
  "create:recipes/create.base/crafting/logistics/powered_latch": {
    "criteria": {
      "has_item": "2023-06-11 15:33:53 -0500"
    },
    "done": true
  },
  "minecraft:recipes/decorations/lime_banner": {
    "criteria": {
      "has_lime_wool": "2023-06-11 15:45:01 -0500"
    },
    "done": true
  },
  "minecraft:recipes/decorations/yellow_stained_glass_pane_from_glass_pane": {
    "criteria": {
      "has_glass_pane": "2023-06-08 21:19:49 -0500"
    },
    "done": true
  },
  "minecraft:recipes/tools/iron_pickaxe": {
    "criteria": {
      "has_iron_ingot": "2023-06-12 16:55:44 -0500"
    },
    "done": true
  },
  "minecraft:recipes/redstone/spruce_fence_gate": {
    "criteria": {
      "has_planks": "2023-06-10 11:32:28 -0500"
    },
    "done": true
  },
  "create:recipes/create.palettes/crafting/kinetics/light_blue_seat_from_other_seat": {
    "criteria": {
      "has_seat": "2023-06-07 18:58:01 -0500"
    },
    "done": true
  },
  "handcrafted:recipes/misc/black_sheet_single": {
    "criteria": {
      "has_sheet": "2023-06-11 15:27:50 -0500"
    },
    "done": true
  },
  "minecraft:husbandry/froglights": {
    "criteria": {
      "froglights": "2023-06-09 01:09:01 -0500"
    },
    "done": true
  },
  "minecraft:recipes/decorations/crafting_table": {
    "criteria": {
      "has_planks": "2023-06-09 00:34:44 -0500"
    },
    "done": true
  },
  "create:recipes/create.palettes/crafting/kinetics/light_gray_seat": {
    "criteria": {
      "has_wool": "2023-06-11 15:45:01 -0500"
    },
    "done": true
  },
  "create:super_glue": {
    "criteria": {
      "0": "2023-06-09 21:40:14 -0500"
    },
    "done": true
  },
  "minecraft:recipes/decorations/blast_furnace": {
    "criteria": {
      "has_smooth_stone": "2023-06-09 00:44:58 -0500"
    },
    "done": true
  },
  "minecraft:recipes/misc/iron_nugget": {
    "criteria": {
      "has_iron_ingot": "2023-06-12 16:55:44 -0500"
    },
    "done": true
  },
  "minecraft:recipes/decorations/chest": {
    "criteria": {
      "has_lots_of_items": "2023-06-07 19:15:03 -0500"
    },
    "done": true
  },
  "create:recipes/create.palettes/crafting/kinetics/blue_seat": {
    "criteria": {
      "has_wool": "2023-06-11 15:45:01 -0500"
    },
    "done": true
  },
  "create:recipes/create.palettes/cut_deepslate_bricks_from_stone_types_deepslate_stonecutting": {
    "criteria": {
      "has_stone_types_deepslate": "2023-06-07 18:55:01 -0500"
    },
    "done": true
  },
  "minecraft:recipes/redstone/spruce_button": {
    "criteria": {
      "has_planks": "2023-06-10 11:32:28 -0500"
    },
    "done": true
  },
  "create:recipes/create.palettes/polished_cut_deepslate_from_stone_types_deepslate_stonecutting": {
    "criteria": {
      "has_stone_types_deepslate": "2023-06-07 18:55:01 -0500"
    },
    "done": true
  },
  "minecraft:recipes/decorations/blue_stained_glass_pane_from_glass_pane": {
    "criteria": {
      "has_glass_pane": "2023-06-08 21:19:49 -0500"
    },
    "done": true
  },
  "create:recipes/create.palettes/industrial_iron_block_from_ingots_iron_stonecutting": {
    "criteria": {
      "has_ingots_iron": "2023-06-12 16:55:44 -0500"
    },
    "done": true
  },
  "minecraft:recipes/tools/shears": {
    "criteria": {
      "has_iron_ingot": "2023-06-12 16:55:44 -0500"
    },
    "done": true
  },
  "minecraft:recipes/misc/stick": {
    "criteria": {
      "has_planks": "2023-06-09 00:34:44 -0500"
    },
    "done": true
  },
  "create:recipes/create.palettes/cut_deepslate_stairs_from_stone_types_deepslate_stonecutting": {
    "criteria": {
      "has_stone_types_deepslate": "2023-06-07 18:55:01 -0500"
    },
    "done": true
  },
  "handcrafted:recipes/misc/cyan_sheet_single": {
    "criteria": {
      "has_sheet": "2023-06-11 15:27:50 -0500"
    },
    "done": true
  },
  "create:recipes/create.palettes/crafting/kinetics/light_gray_seat_from_other_seat": {
    "criteria": {
      "has_seat": "2023-06-07 18:58:01 -0500"
    },
    "done": true
  },
  "create:recipes/create.palettes/oak_window": {
    "criteria": {
      "has_ingredient": "2023-06-09 00:34:43 -0500"
    },
    "done": true
  },
  "create:recipes/create.palettes/crafting/kinetics/yellow_seat": {
    "criteria": {
      "has_wool": "2023-06-11 15:45:01 -0500"
    },
    "done": true
  },
  "minecraft:recipes/redstone/polished_blackstone_button": {
    "criteria": {
      "has_polished_blackstone": "2023-06-09 00:45:41 -0500"
    },
    "done": true
  },
  "minecraft:recipes/redstone/dispenser": {
    "criteria": {
      "has_bow": "2023-06-07 19:09:26 -0500"
    },
    "done": true
  },
  "handcrafted:recipes/misc/lime_cushion": {
    "criteria": {
      "has_cushion": "2023-06-11 15:45:01 -0500"
    },
    "done": true
  },
  "create:recipes/create.palettes/polished_cut_deepslate_stairs_from_stone_types_deepslate_stonecutting": {
    "criteria": {
      "has_stone_types_deepslate": "2023-06-07 18:55:01 -0500"
    },
    "done": true
  },
  "minecraft:recipes/building_blocks/smooth_quartz_slab_from_smooth_quartz_stonecutting": {
    "criteria": {
      "has_smooth_quartz": "2023-06-09 00:45:48 -0500"
    },
    "done": true
  },
  "create:recipes/create.palettes/small_deepslate_bricks_from_stone_types_deepslate_stonecutting": {
    "criteria": {
      "has_stone_types_deepslate": "2023-06-07 18:55:01 -0500"
    },
    "done": true
  },
  "minecraft:recipes/decorations/light_blue_glazed_terracotta": {
    "criteria": {
      "has_light_blue_terracotta": "2023-06-08 21:15:55 -0500"
    },
    "done": true
  },
  "create:recipes/create.palettes/crafting/kinetics/green_seat_from_other_seat": {
    "criteria": {
      "has_seat": "2023-06-07 18:58:01 -0500"
    },
    "done": true
  },
  "minecraft:recipes/combat/iron_leggings": {
    "criteria": {
      "has_iron_ingot": "2023-06-12 16:55:44 -0500"
    },
    "done": true
  },
  "minecraft:recipes/combat/shield": {
    "criteria": {
      "has_iron_ingot": "2023-06-12 16:55:44 -0500"
    },
    "done": true
  },
  "minecraft:recipes/building_blocks/polished_blackstone_from_blackstone_stonecutting": {
    "criteria": {
      "has_blackstone": "2023-06-09 00:45:36 -0500"
    },
    "done": true
  },
  "minecraft:recipes/misc/bucket": {
    "criteria": {
      "has_iron_ingot": "2023-06-12 16:55:44 -0500"
    },
    "done": true
  },
  "create:recipes/create.palettes/small_deepslate_brick_stairs_from_stone_types_deepslate_stonecutting": {
    "criteria": {
      "has_stone_types_deepslate": "2023-06-07 18:55:01 -0500"
    },
    "done": true
  },
  "minecraft:recipes/redstone/hopper": {
    "criteria": {
      "has_iron_ingot": "2023-06-12 16:55:44 -0500"
    },
    "done": true
  },
  "minecraft:recipes/decorations/polished_blackstone_wall_from_polished_blackstone_stonecutting": {
    "criteria": {
      "has_polished_blackstone": "2023-06-09 00:45:41 -0500"
    },
    "done": true
  },
  "create:recipes/create.base/crafting/logistics/powered_toggle_latch": {
    "criteria": {
      "has_item": "2023-06-11 15:33:53 -0500"
    },
    "done": true
  },
  "create:recipes/create.palettes/crafting/kinetics/lime_seat": {
    "criteria": {
      "has_wool": "2023-06-11 15:45:01 -0500"
    },
    "done": true
  },
  "create:recipes/create.palettes/crafting/kinetics/purple_seat_from_other_seat": {
    "criteria": {
      "has_seat": "2023-06-07 18:58:01 -0500"
    },
    "done": true
  },
  "minecraft:recipes/redstone/note_block": {
    "criteria": {
      "has_redstone": "2023-06-11 15:33:53 -0500"
    },
    "done": true
  },
  "handcrafted:recipes/misc/lime_sheet": {
    "criteria": {
      "has_sheet": "2023-06-11 15:45:01 -0500"
    },
    "done": true
  },
  "create:recipes/create.palettes/crafting/materials/rose_quartz_tilesfrom_conversion": {
    "criteria": {
      "has_item": "2023-06-11 15:49:17 -0500"
    },
    "done": true
  },
  "handcrafted:recipes/misc/white_sheet_single": {
    "criteria": {
      "has_sheet": "2023-06-11 15:27:50 -0500"
    },
    "done": true
  },
  "handcrafted:recipes/misc/purple_sheet_single": {
    "criteria": {
      "has_sheet": "2023-06-11 15:27:50 -0500"
    },
    "done": true
  },
  "minecraft:recipes/decorations/green_stained_glass_pane_from_glass_pane": {
    "criteria": {
      "has_glass_pane": "2023-06-08 21:19:49 -0500"
    },
    "done": true
  },
  "minecraft:recipes/building_blocks/polished_blackstone_stairs_from_blackstone_stonecutting": {
    "criteria": {
      "has_blackstone": "2023-06-09 00:45:36 -0500"
    },
    "done": true
  },
  "handcrafted:recipes/misc/yellow_sheet_single": {
    "criteria": {
      "has_sheet": "2023-06-11 15:27:50 -0500"
    },
    "done": true
  },
  "minecraft:recipes/decorations/lime_bed": {
    "criteria": {
      "has_lime_wool": "2023-06-11 15:45:02 -0500"
    },
    "done": true
  },
  "create:recipes/create.palettes/crafting/kinetics/white_seat": {
    "criteria": {
      "has_wool": "2023-06-11 15:45:01 -0500"
    },
    "done": true
  },
  "minecraft:recipes/combat/iron_helmet": {
    "criteria": {
      "has_iron_ingot": "2023-06-12 16:55:44 -0500"
    },
    "done": true
  },
  "minecraft:recipes/redstone/oak_fence_gate": {
    "criteria": {
      "has_planks": "2023-06-09 00:34:43 -0500"
    },
    "done": true
  },
  "create:recipes/create.palettes/crafting/kinetics/orange_seat_from_other_seat": {
    "criteria": {
      "has_seat": "2023-06-07 18:58:01 -0500"
    },
    "done": true
  },
  "handcrafted:recipes/misc/blackstone_pillar_trim": {
    "criteria": {
      "has_pillar_trim": "2023-06-11 14:55:54 -0500"
    },
    "done": true
  },
  "create:recipes/create.palettes/cut_deepslate_slab_from_stone_types_deepslate_stonecutting": {
    "criteria": {
      "has_stone_types_deepslate": "2023-06-07 18:55:01 -0500"
    },
    "done": true
  },
  "minecraft:recipes/building_blocks/smooth_stone_slab": {
    "criteria": {
      "has_smooth_stone": "2023-06-09 00:44:58 -0500"
    },
    "done": true
  },
  "simpleplanes:recipes/plane": {
    "criteria": {
      "in_fire": "2023-06-09 20:29:23 -0500"
    },
    "done": true
  },
  "minecraft:recipes/decorations/iron_bars": {
    "criteria": {
      "has_iron_ingot": "2023-06-12 16:55:44 -0500"
    },
    "done": true
  },
  "minecraft:recipes/building_blocks/brick_stairs": {
    "criteria": {
      "has_bricks": "2023-06-11 15:47:29 -0500"
    },
    "done": true
  },
  "create:recipes/create.palettes/crafting/kinetics/cyan_seat_from_other_seat": {
    "criteria": {
      "has_seat": "2023-06-07 18:58:01 -0500"
    },
    "done": true
  },
  "minecraft:story/mine_stone": {
    "criteria": {
      "get_stone": "2023-06-09 00:45:36 -0500"
    },
    "done": true
  },
  "minecraft:recipes/redstone/target": {
    "criteria": {
      "has_redstone": "2023-06-11 15:33:53 -0500"
    },
    "done": true
  },
  "minecraft:recipes/decorations/furnace": {
    "criteria": {
      "has_cobblestone": "2023-06-09 00:45:36 -0500"
    },
    "done": true
  },
  "minecraft:recipes/transportation/minecart": {
    "criteria": {
      "has_iron_ingot": "2023-06-12 16:55:44 -0500"
    },
    "done": true
  },
  "create:recipes/create.base/crafting/logistics/pulse_repeater": {
    "criteria": {
      "has_item": "2023-06-11 15:33:53 -0500"
    },
    "done": true
  },
  "minecraft:recipes/decorations/armor_stand": {
    "criteria": {
      "has_stone_slab": "2023-06-09 00:45:27 -0500"
    },
    "done": true
  },
  "minecraft:adventure/sleep_in_bed": {
    "criteria": {
      "slept_in_bed": "2023-06-11 15:59:53 -0500"
    },
    "done": true
  },
  "minecraft:recipes/decorations/lime_stained_glass_pane_from_glass_pane": {
    "criteria": {
      "has_glass_pane": "2023-06-08 21:19:49 -0500"
    },
    "done": true
  },
  "minecraft:recipes/tools/iron_hoe": {
    "criteria": {
      "has_iron_ingot": "2023-06-12 16:55:44 -0500"
    },
    "done": true
  },
  "create:recipes/create.palettes/crafting/kinetics/green_seat": {
    "criteria": {
      "has_wool": "2023-06-11 15:45:02 -0500"
    },
    "done": true
  },
  "minecraft:recipes/redstone/redstone_torch": {
    "criteria": {
      "has_redstone": "2023-06-11 15:33:53 -0500"
    },
    "done": true
  },
  "create:recipes/create.palettes/crafting/kinetics/red_seat": {
    "criteria": {
      "has_wool": "2023-06-11 15:45:01 -0500"
    },
    "done": true
  },
  "minecraft:recipes/building_blocks/oak_stairs": {
    "criteria": {
      "has_planks": "2023-06-09 00:34:44 -0500"
    },
    "done": true
  },
  "minecraft:recipes/building_blocks/polished_diorite_slab": {
    "criteria": {
      "has_polished_diorite": "2023-06-11 15:29:55 -0500"
    },
    "done": true
  },
  "minecraft:recipes/tools/iron_shovel": {
    "criteria": {
      "has_iron_ingot": "2023-06-12 16:55:44 -0500"
    },
    "done": true
  },
  "create:recipes/create.palettes/crafting/kinetics/purple_seat": {
    "criteria": {
      "has_wool": "2023-06-11 15:45:02 -0500"
    },
    "done": true
  },
  "minecraft:recipes/redstone/iron_trapdoor": {
    "criteria": {
      "has_iron_ingot": "2023-06-12 16:55:44 -0500"
    },
    "done": true
  },
  "minecraft:recipes/building_blocks/chiseled_polished_blackstone_from_polished_blackstone_stonecutting": {
    "criteria": {
      "has_polished_blackstone": "2023-06-09 00:45:41 -0500"
    },
    "done": true
  },
  "minecraft:recipes/building_blocks/smooth_quartz_slab": {
    "criteria": {
      "has_smooth_quartz": "2023-06-09 00:45:48 -0500"
    },
    "done": true
  },
  "minecraft:recipes/building_blocks/polished_blackstone": {
    "criteria": {
      "has_blackstone": "2023-06-09 00:45:36 -0500"
    },
    "done": true
  },
  "create:recipes/create.base/crafting/materials/brass_ingot_from_decompacting": {
    "criteria": {
      "has_item": "2023-06-11 15:50:54 -0500"
    },
    "done": true
  },
  "minecraft:adventure/root": {
    "criteria": {
      "killed_something": "2023-06-09 20:29:14 -0500"
    },
    "done": true
  },
  "handcrafted:recipes/misc/bench": {
    "criteria": {
      "has_iron_ingot": "2023-06-12 16:55:44 -0500"
    },
    "done": true
  },
  "minecraft:recipes/tools/stone_hoe": {
    "criteria": {
      "has_cobblestone": "2023-06-09 00:45:36 -0500"
    },
    "done": true
  },
  "minecraft:recipes/tools/clock": {
    "criteria": {
      "has_redstone": "2023-06-11 15:33:53 -0500"
    },
    "done": true
  },
  "minecraft:recipes/decorations/spruce_fence": {
    "criteria": {
      "has_planks": "2023-06-10 11:32:28 -0500"
    },
    "done": true
  },
  "handcrafted:recipes/misc/orange_sheet_single": {
    "criteria": {
      "has_sheet": "2023-06-11 15:27:50 -0500"
    },
    "done": true
  },
  "create:recipes/create.palettes/crafting/kinetics/light_blue_seat": {
    "criteria": {
      "has_wool": "2023-06-11 15:45:01 -0500"
    },
    "done": true
  },
  "minecraft:recipes/redstone/redstone_block": {
    "criteria": {
      "has_redstone": "2023-06-11 15:33:53 -0500"
    },
    "done": true
  },
  "minecraft:recipes/decorations/brown_stained_glass_pane_from_glass_pane": {
    "criteria": {
      "has_glass_pane": "2023-06-08 21:19:49 -0500"
    },
    "done": true
  },
  "minecraft:recipes/decorations/black_stained_glass_pane_from_glass_pane": {
    "criteria": {
      "has_glass_pane": "2023-06-08 21:19:49 -0500"
    },
    "done": true
  },
  "minecraft:recipes/building_blocks/spruce_stairs": {
    "criteria": {
      "has_planks": "2023-06-10 11:32:28 -0500"
    },
    "done": true
  },
  "handcrafted:recipes/misc/light_blue_sheet_single": {
    "criteria": {
      "has_sheet": "2023-06-11 15:27:50 -0500"
    },
    "done": true
  },
  "minecraft:recipes/decorations/pink_stained_glass_pane_from_glass_pane": {
    "criteria": {
      "has_glass_pane": "2023-06-08 21:19:49 -0500"
    },
    "done": true
  },
  "minecraft:recipes/building_blocks/polished_diorite_stairs_from_polished_diorite_stonecutting": {
    "criteria": {
      "has_polished_diorite": "2023-06-11 15:29:55 -0500"
    },
    "done": true
  },
  "create:recipes/create.base/crafting/materials/rose_quartz": {
    "criteria": {
      "has_item": "2023-06-11 15:33:53 -0500"
    },
    "done": true
  },
  "create:recipes/create.base/crafting/appliances/clipboard_clear": {
    "criteria": {
      "has_item": "2023-06-08 13:55:07 -0500"
    },
    "done": true
  },
  "minecraft:recipes/decorations/brick_wall_from_bricks_stonecutting": {
    "criteria": {
      "has_bricks": "2023-06-11 15:47:29 -0500"
    },
    "done": true
  },
  "create:root": {
    "criteria": {
      "0": "2023-06-07 14:28:39 -0500"
    },
    "done": true
  },
  "minecraft:recipes/building_blocks/polished_blackstone_brick_stairs_from_blackstone_stonecutting": {
    "criteria": {
      "has_blackstone": "2023-06-09 00:45:36 -0500"
    },
    "done": true
  },
  "create:recipes/create.palettes/crafting/kinetics/yellow_seat_from_other_seat": {
    "criteria": {
      "has_seat": "2023-06-07 18:58:01 -0500"
    },
    "done": true
  },
  "minecraft:recipes/decorations/chain": {
    "criteria": {
      "has_iron_ingot": "2023-06-12 16:55:44 -0500"
    },
    "done": true
  },
  "minecraft:recipes/building_blocks/polished_diorite_stairs": {
    "criteria": {
      "has_polished_diorite": "2023-06-11 15:29:55 -0500"
    },
    "done": true
  },
  "minecraft:recipes/redstone/polished_blackstone_pressure_plate": {
    "criteria": {
      "has_polished_blackstone": "2023-06-09 00:45:41 -0500"
    },
    "done": true
  },
  "create:recipes/create.palettes/crafting/kinetics/lime_seat_from_other_seat": {
    "criteria": {
      "has_seat": "2023-06-07 18:58:01 -0500"
    },
    "done": true
  },
  "minecraft:recipes/decorations/red_stained_glass_pane_from_glass_pane": {
    "criteria": {
      "has_glass_pane": "2023-06-08 21:19:49 -0500"
    },
    "done": true
  },
  "minecraft:recipes/decorations/oak_fence": {
    "criteria": {
      "has_planks": "2023-06-09 00:34:44 -0500"
    },
    "done": true
  },
  "minecraft:recipes/decorations/soul_lantern": {
    "criteria": {
      "has_soul_torch": "2023-06-09 01:39:28 -0500"
    },
    "done": true
  },
  "create:recipes/create.palettes/deepslate_pillar_from_stone_types_deepslate_stonecutting": {
    "criteria": {
      "has_stone_types_deepslate": "2023-06-07 18:55:01 -0500"
    },
    "done": true
  },
  "create:recipes/create.palettes/crafting/kinetics/red_seat_from_other_seat": {
    "criteria": {
      "has_seat": "2023-06-07 18:58:01 -0500"
    },
    "done": true
  },
  "minecraft:recipes/building_blocks/polished_blackstone_bricks_from_blackstone_stonecutting": {
    "criteria": {
      "has_blackstone": "2023-06-09 00:45:36 -0500"
    },
    "done": true
  },
  "handcrafted:recipes/misc/bricks_pillar_trim": {
    "criteria": {
      "has_pillar_trim": "2023-06-11 15:47:29 -0500"
    },
    "done": true
  },
  "handcrafted:recipes/misc/green_sheet_single": {
    "criteria": {
      "has_sheet": "2023-06-11 15:27:50 -0500"
    },
    "done": true
  },
  "minecraft:recipes/building_blocks/oak_slab": {
    "criteria": {
      "has_planks": "2023-06-09 00:34:44 -0500"
    },
    "done": true
  },
  "minecraft:recipes/decorations/magenta_stained_glass_pane_from_glass_pane": {
    "criteria": {
      "has_glass_pane": "2023-06-08 21:19:49 -0500"
    },
    "done": true
  },
  "minecraft:recipes/building_blocks/smooth_stone_slab_from_smooth_stone_stonecutting": {
    "criteria": {
      "has_smooth_stone": "2023-06-09 00:44:58 -0500"
    },
    "done": true
  },
  "minecraft:recipes/building_blocks/chiseled_polished_blackstone": {
    "criteria": {
      "has_polished_blackstone_slab": "2023-06-09 00:44:23 -0500"
    },
    "done": true
  },
  "create:recipes/create.palettes/cut_deepslate_brick_slab_from_stone_types_deepslate_stonecutting": {
    "criteria": {
      "has_stone_types_deepslate": "2023-06-07 18:55:01 -0500"
    },
    "done": true
  },
  "minecraft:recipes/decorations/spruce_sign": {
    "criteria": {
      "has_planks": "2023-06-10 11:32:28 -0500"
    },
    "done": true
  },
  "create:recipes/create.palettes/crafting/kinetics/gray_seat": {
    "criteria": {
      "has_wool": "2023-06-11 15:45:01 -0500"
    },
    "done": true
  },
  "create:recipes/create.palettes/crafting/kinetics/white_seat_from_other_seat": {
    "criteria": {
      "has_seat": "2023-06-07 18:58:01 -0500"
    },
    "done": true
  },
  "create:recipes/create.palettes/cut_deepslate_from_stone_types_deepslate_stonecutting": {
    "criteria": {
      "has_stone_types_deepslate": "2023-06-07 18:55:01 -0500"
    },
    "done": true
  },
  "create:recipes/create.palettes/cut_deepslate_brick_wall_from_stone_types_deepslate_stonecutting": {
    "criteria": {
      "has_stone_types_deepslate": "2023-06-07 18:55:01 -0500"
    },
    "done": true
  },
  "minecraft:recipes/building_blocks/polished_blackstone_brick_slab_from_polished_blackstone_stonecutting": {
    "criteria": {
      "has_polished_blackstone": "2023-06-09 00:45:41 -0500"
    },
    "done": true
  },
  "handcrafted:recipes/misc/blue_sheet_single": {
    "criteria": {
      "has_sheet": "2023-06-11 15:27:50 -0500"
    },
    "done": true
  },
  "minecraft:recipes/building_blocks/polished_blackstone_bricks": {
    "criteria": {
      "has_polished_blackstone": "2023-06-09 00:45:41 -0500"
    },
    "done": true
  },
  "minecraft:recipes/building_blocks/polished_diorite_slab_from_polished_diorite_stonecutting": {
    "criteria": {
      "has_polished_diorite": "2023-06-11 15:29:55 -0500"
    },
    "done": true
  },
  "minecraft:recipes/decorations/cyan_stained_glass_pane_from_glass_pane": {
    "criteria": {
      "has_glass_pane": "2023-06-08 21:19:49 -0500"
    },
    "done": true
  },
  "minecraft:recipes/building_blocks/iron_block": {
    "criteria": {
      "has_iron_ingot": "2023-06-12 16:55:44 -0500"
    },
    "done": true
  },
  "minecraft:recipes/decorations/blackstone_wall_from_blackstone_stonecutting": {
    "criteria": {
      "has_blackstone": "2023-06-09 00:45:36 -0500"
    },
    "done": true
  },
  "minecraft:recipes/decorations/painting": {
    "criteria": {
      "has_wool": "2023-06-11 15:45:02 -0500"
    },
    "done": true
  },
  "handcrafted:recipes/misc/blackstone_corner_trim": {
    "criteria": {
      "has_corner_trim": "2023-06-11 14:55:54 -0500"
    },
    "done": true
  },
  "minecraft:recipes/building_blocks/blackstone_stairs": {
    "criteria": {
      "has_blackstone": "2023-06-09 00:45:36 -0500"
    },
    "done": true
  },
  "minecraft:recipes/decorations/blue_glazed_terracotta": {
    "criteria": {
      "has_blue_terracotta": "2023-06-09 01:34:32 -0500"
    },
    "done": true
  },
  "create:recipes/create.palettes/crafting/kinetics/blue_seat_from_other_seat": {
    "criteria": {
      "has_seat": "2023-06-07 18:58:01 -0500"
    },
    "done": true
  },
  "create:recipes/create.palettes/crafting/kinetics/cyan_seat": {
    "criteria": {
      "has_wool": "2023-06-11 15:45:02 -0500"
    },
    "done": true
  },
  "create:recipes/create.base/crafting/materials/andesite_alloy": {
    "criteria": {
      "has_item": "2023-06-12 16:55:44 -0500"
    },
    "done": true
  },
  "minecraft:recipes/building_blocks/blackstone_slab_from_blackstone_stonecutting": {
    "criteria": {
      "has_blackstone": "2023-06-09 00:45:36 -0500"
    },
    "done": true
  },
  "minecraft:recipes/tools/stone_shovel": {
    "criteria": {
      "has_cobblestone": "2023-06-09 00:45:36 -0500"
    },
    "done": true
  },
  "minecraft:recipes/building_blocks/spruce_slab": {
    "criteria": {
      "has_planks": "2023-06-10 11:32:28 -0500"
    },
    "done": true
  },
  "minecraft:recipes/decorations/polished_blackstone_wall_from_blackstone_stonecutting": {
    "criteria": {
      "has_blackstone": "2023-06-09 00:45:36 -0500"
    },
    "done": true
  },
  "create:recipes/create.palettes/small_deepslate_brick_slab_from_stone_types_deepslate_stonecutting": {
    "criteria": {
      "has_stone_types_deepslate": "2023-06-07 18:55:01 -0500"
    },
    "done": true
  },
  "create:recipes/create.palettes/crafting/kinetics/brown_seat": {
    "criteria": {
      "has_wool": "2023-06-11 15:45:01 -0500"
    },
    "done": true
  },
  "create:recipes/create.palettes/crafting/kinetics/magenta_seat": {
    "criteria": {
      "has_wool": "2023-06-11 15:45:01 -0500"
    },
    "done": true
  },
  "minecraft:recipes/tools/iron_axe": {
    "criteria": {
      "has_iron_ingot": "2023-06-12 16:55:44 -0500"
    },
    "done": true
  },
  "create:recipes/create.palettes/crafting/kinetics/magenta_seat_from_other_seat": {
    "criteria": {
      "has_seat": "2023-06-07 18:58:01 -0500"
    },
    "done": true
  },
  "create:recipes/create.palettes/small_deepslate_brick_wall_from_stone_types_deepslate_stonecutting": {
    "criteria": {
      "has_stone_types_deepslate": "2023-06-07 18:55:01 -0500"
    },
    "done": true
  },
  "create:recipes/create.palettes/crafting/kinetics/gray_seat_from_other_seat": {
    "criteria": {
      "has_seat": "2023-06-07 18:58:01 -0500"
    },
    "done": true
  },
  "minecraft:recipes/redstone/oak_pressure_plate": {
    "criteria": {
      "has_planks": "2023-06-09 00:34:44 -0500"
    },
    "done": true
  },
  "minecraft:recipes/combat/iron_boots": {
    "criteria": {
      "has_iron_ingot": "2023-06-12 16:55:44 -0500"
    },
    "done": true
  },
  "create:recipes/create.palettes/crafting/kinetics/black_seat": {
    "criteria": {
      "has_wool": "2023-06-11 15:45:02 -0500"
    },
    "done": true
  },
  "minecraft:recipes/decorations/white_stained_glass_pane_from_glass_pane": {
    "criteria": {
      "has_glass_pane": "2023-06-08 21:19:49 -0500"
    },
    "done": true
  },
  "create:recipes/create.palettes/polished_cut_deepslate_wall_from_stone_types_deepslate_stonecutting": {
    "criteria": {
      "has_stone_types_deepslate": "2023-06-07 18:55:01 -0500"
    },
    "done": true
  },
  "minecraft:recipes/building_blocks/brick_slab_from_bricks_stonecutting": {
    "criteria": {
      "has_bricks": "2023-06-11 15:47:29 -0500"
    },
    "done": true
  },
  "create:recipes/create.palettes/crafting/kinetics/black_seat_from_other_seat": {
    "criteria": {
      "has_seat": "2023-06-07 18:58:01 -0500"
    },
    "done": true
  },
  "minecraft:recipes/decorations/blackstone_wall": {
    "criteria": {
      "has_blackstone": "2023-06-09 00:45:36 -0500"
    },
    "done": true
  },
  "create:recipes/create.palettes/cut_deepslate_brick_stairs_from_stone_types_deepslate_stonecutting": {
    "criteria": {
      "has_stone_types_deepslate": "2023-06-07 18:55:01 -0500"
    },
    "done": true
  },
  "minecraft:recipes/building_blocks/polished_blackstone_stairs_from_polished_blackstone_stonecutting": {
    "criteria": {
      "has_polished_blackstone": "2023-06-09 00:45:41 -0500"
    },
    "done": true
  },
  "minecraft:recipes/decorations/polished_blackstone_brick_wall_from_blackstone_stonecutting": {
    "criteria": {
      "has_blackstone": "2023-06-09 00:45:36 -0500"
    },
    "done": true
  },
  "minecraft:recipes/building_blocks/blackstone_slab": {
    "criteria": {
      "has_blackstone": "2023-06-09 00:45:36 -0500"
    },
    "done": true
  },
  "minecraft:recipes/building_blocks/smooth_quartz_stairs": {
    "criteria": {
      "has_smooth_quartz": "2023-06-09 00:45:48 -0500"
    },
    "done": true
  },
  "minecraft:recipes/redstone/dropper": {
    "criteria": {
      "has_redstone": "2023-06-11 15:33:53 -0500"
    },
    "done": true
  },
  "minecraft:recipes/combat/iron_chestplate": {
    "criteria": {
      "has_iron_ingot": "2023-06-12 16:55:44 -0500"
    },
    "done": true
  },
  "minecraft:recipes/combat/crossbow": {
    "criteria": {
      "has_iron_ingot": "2023-06-12 16:55:44 -0500"
    },
    "done": true
  },
  "minecraft:recipes/building_blocks/polished_blackstone_slab_from_blackstone_stonecutting": {
    "criteria": {
      "has_blackstone": "2023-06-09 00:45:36 -0500"
    },
    "done": true
  },
  "minecraft:recipes/redstone/spruce_pressure_plate": {
    "criteria": {
      "has_planks": "2023-06-10 11:32:28 -0500"
    },
    "done": true
  },
  "create:recipes/create.palettes/crafting/kinetics/orange_seat": {
    "criteria": {
      "has_wool": "2023-06-11 15:45:01 -0500"
    },
    "done": true
  },
  "create:recipes/create.palettes/polished_cut_deepslate_slab_from_stone_types_deepslate_stonecutting": {
    "criteria": {
      "has_stone_types_deepslate": "2023-06-07 18:55:01 -0500"
    },
    "done": true
  },
  "minecraft:recipes/decorations/oak_sign": {
    "criteria": {
      "has_planks": "2023-06-09 00:34:44 -0500"
    },
    "done": true
  },
  "minecraft:recipes/redstone/oak_trapdoor": {
    "criteria": {
      "has_planks": "2023-06-09 00:34:44 -0500"
    },
    "done": true
  },
  "create:recipes/create.palettes/crafting/materials/small_rose_quartz_tilesfrom_conversion": {
    "criteria": {
      "has_item": "2023-06-11 15:50:59 -0500"
    },
    "done": true
  },
  "create:recipes/create.base/crafting/kinetics/empty_blaze_burner": {
    "criteria": {
      "has_item": "2023-06-12 16:55:44 -0500"
    },
    "done": true
  },
  "minecraft:recipes/misc/netherite_ingot_from_netherite_block": {
    "criteria": {
      "has_netherite_block": "2023-06-12 21:59:20 -0500"
    },
    "done": true
  },
  "create:recipes/create.palettes/spruce_window": {
    "criteria": {
      "has_ingredient": "2023-06-10 11:32:28 -0500"
    },
    "done": true
  },
  "handcrafted:recipes/misc/red_sheet_single": {
    "criteria": {
      "has_sheet": "2023-06-11 15:27:50 -0500"
    },
    "done": true
  },
  "handcrafted:recipes/misc/brown_sheet_single": {
    "criteria": {
      "has_sheet": "2023-06-11 15:27:50 -0500"
    },
    "done": true
  },
  "handcrafted:recipes/misc/pink_sheet_single": {
    "criteria": {
      "has_sheet": "2023-06-11 15:27:50 -0500"
    },
    "done": true
  },
  "minecraft:recipes/tools/compass": {
    "criteria": {
      "has_redstone": "2023-06-11 15:33:53 -0500"
    },
    "done": true
  },
  "handcrafted:recipes/misc/gray_sheet_single": {
    "criteria": {
      "has_sheet": "2023-06-11 15:27:50 -0500"
    },
    "done": true
  },
  "minecraft:recipes/redstone/oak_button": {
    "criteria": {
      "has_planks": "2023-06-09 00:34:44 -0500"
    },
    "done": true
  },
  "minecraft:recipes/building_blocks/polished_blackstone_slab_from_polished_blackstone_stonecutting": {
    "criteria": {
      "has_polished_blackstone": "2023-06-09 00:45:41 -0500"
    },
    "done": true
  },
  "create:recipes/create.palettes/cut_deepslate_wall_from_stone_types_deepslate_stonecutting": {
    "criteria": {
      "has_stone_types_deepslate": "2023-06-07 18:55:01 -0500"
    },
    "done": true
  },
  "minecraft:recipes/building_blocks/smooth_quartz_stairs_from_smooth_quartz_stonecutting": {
    "criteria": {
      "has_smooth_quartz": "2023-06-09 00:45:48 -0500"
    },
    "done": true
  },
  "minecraft:adventure/adventuring_time": {
    "criteria": {
      "minecraft:plains": "2023-06-07 14:20:45 -0500"
    },
    "done": false
  },
  "minecraft:recipes/redstone/iron_door": {
    "criteria": {
      "has_iron_ingot": "2023-06-12 16:55:44 -0500"
    },
    "done": true
  },
  "minecraft:recipes/decorations/composter": {
    "criteria": {
      "has_wood_slab": "2023-06-09 01:05:08 -0500"
    },
    "done": true
  },
  "create:recipes/create.palettes/crafting/kinetics/brown_seat_from_other_seat": {
    "criteria": {
      "has_seat": "2023-06-07 18:58:01 -0500"
    },
    "done": true
  },
  "minecraft:recipes/building_blocks/chiseled_polished_blackstone_from_blackstone_stonecutting": {
    "criteria": {
      "has_blackstone": "2023-06-09 00:45:36 -0500"
    },
    "done": true
  },
  "minecraft:recipes/combat/stone_sword": {
    "criteria": {
      "has_cobblestone": "2023-06-09 00:45:36 -0500"
    },
    "done": true
  },
  "minecraft:recipes/decorations/barrel": {
    "criteria": {
      "has_planks": "2023-06-09 00:34:44 -0500"
    },
    "done": true
  },
  "minecraft:recipes/tools/stone_pickaxe": {
    "criteria": {
      "has_cobblestone": "2023-06-09 00:45:36 -0500"
    },
    "done": true
  },
  "create:recipes/create.palettes/crafting/kinetics/pink_seat": {
    "criteria": {
      "has_wool": "2023-06-11 15:45:01 -0500"
    },
    "done": true
  },
  "minecraft:recipes/decorations/smithing_table": {
    "criteria": {
      "has_iron_ingot": "2023-06-12 16:55:44 -0500"
    },
    "done": true
  },
  "minecraft:recipes/building_blocks/blackstone_stairs_from_blackstone_stonecutting": {
    "criteria": {
      "has_blackstone": "2023-06-09 00:45:36 -0500"
    },
    "done": true
  },
  "minecraft:recipes/redstone/oak_door": {
    "criteria": {
      "has_planks": "2023-06-09 00:34:44 -0500"
    },
    "done": true
  },
  "create:recipes/create.palettes/layered_deepslate_from_stone_types_deepslate_stonecutting": {
    "criteria": {
      "has_stone_types_deepslate": "2023-06-07 18:55:01 -0500"
    },
    "done": true
  },
  "minecraft:recipes/decorations/purple_stained_glass_pane_from_glass_pane": {
    "criteria": {
      "has_glass_pane": "2023-06-08 21:19:49 -0500"
    },
    "done": true
  },
  "minecraft:recipes/building_blocks/polished_blackstone_slab": {
    "criteria": {
      "has_polished_blackstone": "2023-06-09 00:45:41 -0500"
    },
    "done": true
  },
  "handcrafted:recipes/misc/bricks_corner_trim": {
    "criteria": {
      "has_corner_trim": "2023-06-11 15:47:29 -0500"
    },
    "done": true
  },
  "minecraft:adventure/shoot_arrow": {
    "criteria": {
      "shot_arrow": "2023-06-07 19:09:30 -0500"
    },
    "done": true
  },
  "handcrafted:recipes/misc/magenta_sheet_single": {
    "criteria": {
      "has_sheet": "2023-06-11 15:27:50 -0500"
    },
    "done": true
  },
  "minecraft:recipes/building_blocks/polished_blackstone_stairs": {
    "criteria": {
      "has_polished_blackstone": "2023-06-09 00:45:41 -0500"
    },
    "done": true
  },
  "minecraft:recipes/decorations/polished_blackstone_wall": {
    "criteria": {
      "has_polished_blackstone": "2023-06-09 00:45:41 -0500"
    },
    "done": true
  },
  "minecraft:recipes/redstone/heavy_weighted_pressure_plate": {
    "criteria": {
      "has_iron_ingot": "2023-06-12 16:55:44 -0500"
    },
    "done": true
  },
  "handcrafted:recipes/misc/lime_sheet_single": {
    "criteria": {
      "has_sheet": "2023-06-11 15:27:50 -0500"
    },
    "done": true
  },
  "minecraft:recipes/decorations/orange_stained_glass_pane_from_glass_pane": {
    "criteria": {
      "has_glass_pane": "2023-06-08 21:19:49 -0500"
    },
    "done": true
  },
  "minecraft:recipes/building_blocks/brick_slab": {
    "criteria": {
      "has_bricks": "2023-06-11 15:47:29 -0500"
    },
    "done": true
  },
  "minecraft:recipes/building_blocks/polished_blackstone_brick_slab_from_blackstone_stonecutting": {
    "criteria": {
      "has_blackstone": "2023-06-09 00:45:36 -0500"
    },
    "done": true
  },
  "minecraft:recipes/redstone/piston": {
    "criteria": {
      "has_redstone": "2023-06-11 15:33:53 -0500"
    },
    "done": true
  },
  "minecraft:recipes/decorations/lantern": {
    "criteria": {
      "has_iron_ingot": "2023-06-12 16:55:44 -0500"
    },
    "done": true
  },
  "create:recipes/create.base/crafting/logistics/pulse_extender": {
    "criteria": {
      "has_item": "2023-06-11 15:33:53 -0500"
    },
    "done": true
  },
  "create:recipes/building_blocks/deepslate_from_stone_types_deepslate_stonecutting": {
    "criteria": {
      "has_stone_types_deepslate": "2023-06-07 18:55:01 -0500"
    },
    "done": true
  },
  "minecraft:recipes/redstone/spruce_trapdoor": {
    "criteria": {
      "has_planks": "2023-06-10 11:32:28 -0500"
    },
    "done": true
  },
  "handcrafted:recipes/misc/frozen_bench": {
    "criteria": {
      "has_iron_ingot": "2023-06-12 16:55:44 -0500"
    },
    "done": true
  },
  "minecraft:recipes/decorations/light_gray_stained_glass_pane_from_glass_pane": {
    "criteria": {
      "has_glass_pane": "2023-06-08 21:19:49 -0500"
    },
    "done": true
  },
  "minecraft:recipes/decorations/gray_stained_glass_pane_from_glass_pane": {
    "criteria": {
      "has_glass_pane": "2023-06-08 21:19:49 -0500"
    },
    "done": true
  },
  "minecraft:recipes/decorations/light_blue_stained_glass_pane_from_glass_pane": {
    "criteria": {
      "has_glass_pane": "2023-06-08 21:19:49 -0500"
    },
    "done": true
  },
  "minecraft:recipes/decorations/polished_blackstone_brick_wall_from_polished_blackstone_stonecutting": {
    "criteria": {
      "has_polished_blackstone": "2023-06-09 00:45:41 -0500"
    },
    "done": true
  },
  "minecraft:story/smelt_iron": {
    "criteria": {
      "iron": "2023-06-12 16:55:44 -0500"
    },
    "done": true
  },
  "minecraft:recipes/tools/stone_axe": {
    "criteria": {
      "has_cobblestone": "2023-06-09 00:45:36 -0500"
    },
    "done": true
  },
  "create:recipes/create.palettes/crafting/kinetics/pink_seat_from_other_seat": {
    "criteria": {
      "has_seat": "2023-06-07 18:58:01 -0500"
    },
    "done": true
  },
  "minecraft:recipes/building_blocks/polished_blackstone_bricks_from_polished_blackstone_stonecutting": {
    "criteria": {
      "has_polished_blackstone": "2023-06-09 00:45:41 -0500"
    },
    "done": true
  },
  "minecraft:adventure/fall_from_world_height": {
    "criteria": {
      "fall_from_world_height": "2023-06-08 21:08:18 -0500"
    },
    "done": true
  },
  "DataVersion": 3120
}